<?xml version="1.0" encoding="UTF-8"?>
<jcr:root xmlns:jcr="http://www.jcp.org/jcr/1.0" xmlns:cq="http://www.day.com/jcr/cq/1.0"
    jcr:primaryType="cq:Page">
    <new/>
    <testing/>
    <bvt/>
    <bvt2/>
    <retirement-calculator-test-duplicate/>
    <firstnetcommunicationpreferences/>
    <firstnetonlineidentitynumber/>
    <striver/>
    <firstnetupdateaccountdetails/>
    <firstnetcentrelinkpensionincomedetails/>
    <firstnetchangeinvestments/>
    <findaccountnumber/>
    <loginhelp/>
    <firstnetstatement/>
    <firstnetuploadforms/>
    <firstnetonlinestatements/>
    <withdrawinvestmentsaccount/>
    <firstnetmemberportal/>
    <firstnetloginhelp/>
    <firstnet-member-portal/>
    <switch-investments/>
    <retirement-calculator-test/>
    <contact-us/>
    <test/>
    <scheduler/>
    <jcr:content/>
    <overview-copy/>
    <home/>
    <adviser/>
    <employer/>
    <firsttech/>
    <personal/>
    <Firsttech-App/>
    <mobileapp/>
    <feedback/>
    <SustainabilityImpactCalculator/>
    <find-a-form/>
    <eform-cfs/>
    <elevate/>
    <Archive/>
    <cfsedge/>
    <taxguides/>
    <findadviser/>
    <retirement-calculator/>
    <_new_/>
    <thrive-plus/>
    <join-now--b/>
    <prograde/>
    <about-us/>
    <investment/>
    <risk-profiler/>
    <join-now/>
    <migrated/>
    <qa/>
    <SuperMatchCampaignLandingPage/>
    <super-match/>
    <firstnet-help/>
    <robots/>
    <error-page/>
    <submit-feedback/>
    <next/>
    <carltest/>
    <cfs-homepage-uplift/>
    <newcfsedge/>
    <scheduler-test/>
    <bvt-trisha/>
    <demo-page/>
    <products/>
    <funds-and-performance/>
    <platform-adviser/>
    <tools-resources/>
    <retirement/>
    <insurance-for-employers/>
    <text-component-test2/>
    <super/>
</jcr:root>
