<?xml version="1.0" encoding="UTF-8"?>
<jcr:root xmlns:jcr="http://www.jcp.org/jcr/1.0" xmlns:nt="http://www.jcp.org/jcr/nt/1.0" xmlns:granite="http://www.adobe.com/jcr/granite/1.0" xmlns:sling="http://sling.apache.org/jcr/sling/1.0"
    jcr:primaryType="nt:unstructured">
    <items jcr:primaryType="nt:unstructured">
        <fundPerformance
            granite:class="cq-dialog-checkbox-showhide"
            jcr:primaryType="nt:unstructured"
            sling:resourceType="granite/ui/components/coral/foundation/form/checkbox"
            fieldDescription="When checked, Retrieve API performance numbers from the funds and performance tool"
            name="./fundPerformance"
            text="Dynamic Fund Performance Values"
            value="{Boolean}false">
            <granite:data
                jcr:primaryType="nt:unstructured"
                cq-dialog-checkbox-showhide-target=".togglefield"/>
        </fundPerformance>
        <toggle
            granite:class="togglefield"
            jcr:primaryType="nt:unstructured"
            sling:resourceType="granite/ui/components/coral/foundation/container">
            <items jcr:primaryType="nt:unstructured">
                <marketing
                    jcr:primaryType="nt:unstructured"
                    sling:resourceType="granite/ui/components/coral/foundation/form/select"
                    fieldLabel="Marketing Name"
                    name="./marketingName">
                    <datasource
                        jcr:primaryType="nt:unstructured"
                        sling:resourceType="/cfs/jsonDataDropdown"
                        jsonDataPath="cfs-winged/global/cards/fundsDialog/items/toggle/items/marketing/dropdown.json"/>
                    <dropdown.json/>
                </marketing>
            </items>
        </toggle>
        <size
            jcr:primaryType="nt:unstructured"
            sling:resourceType="granite/ui/components/coral/foundation/form/select"
            fieldLabel="Size"
            name="./cardSize">
            <items jcr:primaryType="nt:unstructured">
                <default
                    jcr:primaryType="nt:unstructured"
                    text="Large"
                    value="large"/>
                <small
                    jcr:primaryType="nt:unstructured"
                    text="Small"
                    value="small"/>
            </items>
        </size>
        <heading
            jcr:primaryType="nt:unstructured"
            sling:resourceType="granite/ui/components/coral/foundation/form/textfield"
            fieldDescription="Add the Main header for the card."
            fieldLabel="Heading"
            name="./heading"/>
        <superHeading
            jcr:primaryType="nt:unstructured"
            sling:orderBefore="content"
            sling:resourceType="granite/ui/components/coral/foundation/form/textfield"
            fieldDescription="Add the Super header content for the card, for the 'Card - Fund' component."
            fieldLabel="Super Heading"
            name="./superHeading"/>
        <headingLink
            jcr:primaryType="nt:unstructured"
            sling:resourceType="cq/gui/components/coral/common/form/pagefield"
            fieldDescription="Add the Main header link if required, otherwise keep empty."
            fieldLabel="Heading Link (Optional)"
            name="./headingLink"
            rootPath="/content"/>
        <content
            jcr:primaryType="nt:unstructured"
            sling:resourceType="cq/gui/components/authoring/dialog/richtext"
            fieldDescription="Add the body content of the card."
            fieldLabel="Content"
            name="./content"
            useFixedInlineToolbar="{Boolean}true">
            <rtePlugins
                jcr:primaryType="nt:unstructured"
                sling:resourceSuperType="/apps/cfs-winged/global/rtepluginConfig/rtePlugins"/>
            <uiSettings
                jcr:primaryType="nt:unstructured"
                sling:resourceSuperType="/apps/cfs-winged/global/rtepluginConfig/uiSettings"/>
        </content>
    </items>
</jcr:root>
