<?xml version="1.0" encoding="UTF-8"?>
<jcr:root xmlns:jcr="http://www.jcp.org/jcr/1.0" xmlns:rep="internal" xmlns:sling="http://sling.apache.org/jcr/sling/1.0" xmlns:cq="http://www.day.com/jcr/cq/1.0"
    jcr:mixinTypes="[rep:AccessControllable]"
    jcr:primaryType="sling:OrderedFolder">
    <cq:graphql/>
    <rep:policy/>
    <dam/>
    <campaigns/>
    <projects/>
    <experience-fragments/>
    <outbound-marketing/>
    <cq:tags/>
    <usergenerated/>
    <launches/>
    <cfs/>
    <cfs-origination/>
    <shared/>
    <cfs-winged/>
    <test-site/>
    <forms/>
    <cfs-forms/>
    <services/>
    <texas-instruments/>
</jcr:root>
